"LOCATION","INDICATOR","SUBJECT","MEASURE","FREQUENCY","TIME","Value","Flag Codes"
"AUS","LFPR","15MORE","PC_AGE","A","2000",63.1502802672815,
"AUS","LFPR","15MORE","PC_AGE","A","2001",63.3154697862094,
"AUS","LFPR","15MORE","PC_AGE","A","2002",63.385044617723,
"AUS","LFPR","15MORE","PC_AGE","A","2003",63.6024734457451,
"AUS","LFPR","15MORE","PC_AGE","A","2004",63.4752979027067,
"AUS","LFPR","15MORE","PC_AGE","A","2005",64.4117351348794,
"AUS","LFPR","15MORE","PC_AGE","A","2006",64.7785098719678,
"AUS","LFPR","15MORE","PC_AGE","A","2007",65.1985731140139,
"AUS","LFPR","15MORE","PC_AGE","A","2008",65.4972286005078,
"AUS","LFPR","15MORE","PC_AGE","A","2009",65.4485465781347,
"AUS","LFPR","15MORE","PC_AGE","A","2010",65.4078385987332,
"AUS","LFPR","15MORE","PC_AGE","A","2011",65.4401685244231,
"AUS","LFPR","15MORE","PC_AGE","A","2012",65.1713034036454,
"AUS","LFPR","15MORE","PC_AGE","A","2013",64.962184802846,
"AUS","LFPR","15MORE","PC_AGE","A","2014",64.7157502862919,
"AUS","LFPR","15MORE","PC_AGE","A","2015",65.0103898436024,
"AUS","LFPR","15MORE","PC_AGE","A","2016",64.8799524844853,
"AUS","LFPR","15MORE","PC_AGE","A","2017",65.181826953418,
"AUS","LFPR","15MORE","PC_AGE","A","2018",65.6447131610651,
"AUS","LFPR","15MORE","PC_AGE","A","2019",65.9521853493524,
"AUS","LFPR","15MORE","PC_AGE","A","2020",65.0320123897564,
"AUS","LFPR","15MORE","PC_AGE","A","2021",65.8467027186591,
"AUT","LFPR","15MORE","PC_AGE","A","2000",58.4628178539935,
"AUT","LFPR","15MORE","PC_AGE","A","2001",58.541876759244,
"AUT","LFPR","15MORE","PC_AGE","A","2002",59.1259955086861,
"AUT","LFPR","15MORE","PC_AGE","A","2003",59.4507912968225,
"AUT","LFPR","15MORE","PC_AGE","A","2004",57.9300641998479,
"AUT","LFPR","15MORE","PC_AGE","A","2005",58.5583488050481,
"AUT","LFPR","15MORE","PC_AGE","A","2006",59.0823914195902,
"AUT","LFPR","15MORE","PC_AGE","A","2007",59.9362359117113,
"AUT","LFPR","15MORE","PC_AGE","A","2008",60.1730675273341,
"AUT","LFPR","15MORE","PC_AGE","A","2009",60.4449319889058,
"AUT","LFPR","15MORE","PC_AGE","A","2010",60.3960246789463,
"AUT","LFPR","15MORE","PC_AGE","A","2011",60.4891876766856,
"AUT","LFPR","15MORE","PC_AGE","A","2012",60.7628119330701,
"AUT","LFPR","15MORE","PC_AGE","A","2013",60.9201699989558,
"AUT","LFPR","15MORE","PC_AGE","A","2014",60.6940792504219,
"AUT","LFPR","15MORE","PC_AGE","A","2015",60.7226902298744,
"AUT","LFPR","15MORE","PC_AGE","A","2016",61.2069497611627,
"AUT","LFPR","15MORE","PC_AGE","A","2017",61.2187482377125,
"AUT","LFPR","15MORE","PC_AGE","A","2018",61.3666105865406,
"AUT","LFPR","15MORE","PC_AGE","A","2019",61.3636928321692,
"AUT","LFPR","15MORE","PC_AGE","A","2020",60.770729776043,
"AUT","LFPR","15MORE","PC_AGE","A","2021",61.1573625396504,
"BEL","LFPR","15MORE","PC_AGE","A","2000",52.1815242116064,
"BEL","LFPR","15MORE","PC_AGE","A","2001",51.3439030570102,
"BEL","LFPR","15MORE","PC_AGE","A","2002",51.7431195124297,
"BEL","LFPR","15MORE","PC_AGE","A","2003",51.8253346113992,
"BEL","LFPR","15MORE","PC_AGE","A","2004",52.5455529635367,
"BEL","LFPR","15MORE","PC_AGE","A","2005",53.2994171792545,
"BEL","LFPR","15MORE","PC_AGE","A","2006",53.1142995933745,
"BEL","LFPR","15MORE","PC_AGE","A","2007",53.5928121029834,
"BEL","LFPR","15MORE","PC_AGE","A","2008",53.6782081903637,
"BEL","LFPR","15MORE","PC_AGE","A","2009",53.4728385115823,
"BEL","LFPR","15MORE","PC_AGE","A","2010",54.069856708609,
"BEL","LFPR","15MORE","PC_AGE","A","2011",53.1986125629747,
"BEL","LFPR","15MORE","PC_AGE","A","2012",53.2490734473128,
"BEL","LFPR","15MORE","PC_AGE","A","2013",53.5589994531991,
"BEL","LFPR","15MORE","PC_AGE","A","2014",53.5059783673575,
"BEL","LFPR","15MORE","PC_AGE","A","2015",53.309462537806,
"BEL","LFPR","15MORE","PC_AGE","A","2016",53.1130839522051,
"BEL","LFPR","15MORE","PC_AGE","A","2017",53.8362875422882,
"BEL","LFPR","15MORE","PC_AGE","A","2018",54.187863876494,
"BEL","LFPR","15MORE","PC_AGE","A","2019",54.3900837303009,
"BEL","LFPR","15MORE","PC_AGE","A","2020",53.8232273604461,
"BEL","LFPR","15MORE","PC_AGE","A","2021",54.4923047714394,
"CAN","LFPR","15MORE","PC_AGE","A","2000",65.756591966757,
"CAN","LFPR","15MORE","PC_AGE","A","2001",65.9015605472744,
"CAN","LFPR","15MORE","PC_AGE","A","2002",66.8548087447976,
"CAN","LFPR","15MORE","PC_AGE","A","2003",67.553827010831,
"CAN","LFPR","15MORE","PC_AGE","A","2004",67.4801934448027,
"CAN","LFPR","15MORE","PC_AGE","A","2005",67.1358357290327,
"CAN","LFPR","15MORE","PC_AGE","A","2006",66.9184352868033,
"CAN","LFPR","15MORE","PC_AGE","A","2007",67.2428054228523,
"CAN","LFPR","15MORE","PC_AGE","A","2008",67.3648748996151,
"CAN","LFPR","15MORE","PC_AGE","A","2009",66.9309305285341,
"CAN","LFPR","15MORE","PC_AGE","A","2010",66.716830773604,
"CAN","LFPR","15MORE","PC_AGE","A","2011",66.5565303711633,
"CAN","LFPR","15MORE","PC_AGE","A","2012",66.3660477285187,
"CAN","LFPR","15MORE","PC_AGE","A","2013",66.3181125264765,
"CAN","LFPR","15MORE","PC_AGE","A","2014",65.8599084332833,
"CAN","LFPR","15MORE","PC_AGE","A","2015",65.7574534700578,
"CAN","LFPR","15MORE","PC_AGE","A","2016",65.5734019470211,
"CAN","LFPR","15MORE","PC_AGE","A","2017",65.6155189455002,
"CAN","LFPR","15MORE","PC_AGE","A","2018",65.290118014686,
"CAN","LFPR","15MORE","PC_AGE","A","2019",65.6091587573585,
"CAN","LFPR","15MORE","PC_AGE","A","2020",64.0702946060032,
"CAN","LFPR","15MORE","PC_AGE","A","2021",65.0756563263754,
"CZE","LFPR","15MORE","PC_AGE","A","2000",60.398888168532,
"CZE","LFPR","15MORE","PC_AGE","A","2001",60.0196703759175,
"CZE","LFPR","15MORE","PC_AGE","A","2002",59.8518019020761,
"CZE","LFPR","15MORE","PC_AGE","A","2003",59.4240989243826,
"CZE","LFPR","15MORE","PC_AGE","A","2004",59.1753908591985,
"CZE","LFPR","15MORE","PC_AGE","A","2005",59.3643873336393,
"CZE","LFPR","15MORE","PC_AGE","A","2006",59.2616233344352,
"CZE","LFPR","15MORE","PC_AGE","A","2007",58.7710340907215,
"CZE","LFPR","15MORE","PC_AGE","A","2008",58.5053333035175,
"CZE","LFPR","15MORE","PC_AGE","A","2009",58.6774843232222,
"CZE","LFPR","15MORE","PC_AGE","A","2010",58.4441224522348,
"CZE","LFPR","15MORE","PC_AGE","A","2011",58.3279009849672,
"CZE","LFPR","15MORE","PC_AGE","A","2012",58.6413013953896,
"CZE","LFPR","15MORE","PC_AGE","A","2013",59.2754561445418,
"CZE","LFPR","15MORE","PC_AGE","A","2014",59.3100303521054,
"CZE","LFPR","15MORE","PC_AGE","A","2015",59.4242640988731,
"CZE","LFPR","15MORE","PC_AGE","A","2016",59.9219558226786,
"CZE","LFPR","15MORE","PC_AGE","A","2017",60.2215268554149,
"CZE","LFPR","15MORE","PC_AGE","A","2018",60.5627137964731,
"CZE","LFPR","15MORE","PC_AGE","A","2019",60.3805663826591,
"CZE","LFPR","15MORE","PC_AGE","A","2020",59.7826140068359,
"CZE","LFPR","15MORE","PC_AGE","A","2021",59.7675209755907,
"DNK","LFPR","15MORE","PC_AGE","A","2000",65.4918135353161,
"DNK","LFPR","15MORE","PC_AGE","A","2001",65.8825844441868,
"DNK","LFPR","15MORE","PC_AGE","A","2002",65.4389092125835,
"DNK","LFPR","15MORE","PC_AGE","A","2003",65.4578305391614,
"DNK","LFPR","15MORE","PC_AGE","A","2004",65.9697004285549,
"DNK","LFPR","15MORE","PC_AGE","A","2005",65.563702306508,
"DNK","LFPR","15MORE","PC_AGE","A","2006",65.8074658302414,
"DNK","LFPR","15MORE","PC_AGE","A","2007",65.5920397613298,
"DNK","LFPR","15MORE","PC_AGE","A","2008",64.8817362522719,
"DNK","LFPR","15MORE","PC_AGE","A","2009",64.3568852292916,
"DNK","LFPR","15MORE","PC_AGE","A","2010",63.4466867777292,
"DNK","LFPR","15MORE","PC_AGE","A","2011",62.9891996965477,
"DNK","LFPR","15MORE","PC_AGE","A","2012",62.2583313835016,
"DNK","LFPR","15MORE","PC_AGE","A","2013",61.4103228104435,
"DNK","LFPR","15MORE","PC_AGE","A","2014",61.2533174993161,
"DNK","LFPR","15MORE","PC_AGE","A","2015",61.3049658105924,
"DNK","LFPR","15MORE","PC_AGE","A","2016",61.6374788625222,
"DNK","LFPR","15MORE","PC_AGE","A","2017",61.7027930962449,
"DNK","LFPR","15MORE","PC_AGE","A","2018",61.7963112088436,
"DNK","LFPR","15MORE","PC_AGE","A","2019",62.3028928289671,
"DNK","LFPR","15MORE","PC_AGE","A","2020",61.9827840385768,
"DNK","LFPR","15MORE","PC_AGE","A","2021",62.4319544800193,
"FIN","LFPR","15MORE","PC_AGE","A","2000",66.9059215585747,
"FIN","LFPR","15MORE","PC_AGE","A","2001",67.1783064722436,
"FIN","LFPR","15MORE","PC_AGE","A","2002",67.0921623691601,
"FIN","LFPR","15MORE","PC_AGE","A","2003",66.760061130922,
"FIN","LFPR","15MORE","PC_AGE","A","2004",66.4635694338665,
"FIN","LFPR","15MORE","PC_AGE","A","2005",66.8354430379747,
"FIN","LFPR","15MORE","PC_AGE","A","2006",67.3984355286399,
"FIN","LFPR","15MORE","PC_AGE","A","2007",67.6965586536046,
"FIN","LFPR","15MORE","PC_AGE","A","2008",68.0898876404494,
"FIN","LFPR","15MORE","PC_AGE","A","2009",67.1140939597316,
"FIN","LFPR","15MORE","PC_AGE","A","2010",66.5512978986403,
"FIN","LFPR","15MORE","PC_AGE","A","2011",60.1013919968937,
"FIN","LFPR","15MORE","PC_AGE","A","2012",59.8840809334893,
"FIN","LFPR","15MORE","PC_AGE","A","2013",59.3307959776816,
"FIN","LFPR","15MORE","PC_AGE","A","2014",59.0619316228951,
"FIN","LFPR","15MORE","PC_AGE","A","2015",59.1136230127219,
"FIN","LFPR","15MORE","PC_AGE","A","2016",58.7689265439525,
"FIN","LFPR","15MORE","PC_AGE","A","2017",59.0347896344623,
"FIN","LFPR","15MORE","PC_AGE","A","2018",59.6044579496318,
"FIN","LFPR","15MORE","PC_AGE","A","2019",59.5844710854991,
"FIN","LFPR","15MORE","PC_AGE","A","2020",59.2133728125678,
"FIN","LFPR","15MORE","PC_AGE","A","2021",67.5463906725008,
"FRA","LFPR","15MORE","PC_AGE","A","2000",55.9042819060313,
"FRA","LFPR","15MORE","PC_AGE","A","2001",55.8138573760668,
"FRA","LFPR","15MORE","PC_AGE","A","2002",55.9644488132539,
"FRA","LFPR","15MORE","PC_AGE","A","2003",56.2431097137724,
"FRA","LFPR","15MORE","PC_AGE","A","2004",56.2153297971414,
"FRA","LFPR","15MORE","PC_AGE","A","2005",56.1218347445724,
"FRA","LFPR","15MORE","PC_AGE","A","2006",56.0479375696767,
"FRA","LFPR","15MORE","PC_AGE","A","2007",56.1306015900012,
"FRA","LFPR","15MORE","PC_AGE","A","2008",56.2352478363493,
"FRA","LFPR","15MORE","PC_AGE","A","2009",56.4400242761213,
"FRA","LFPR","15MORE","PC_AGE","A","2010",56.4211961815702,
"FRA","LFPR","15MORE","PC_AGE","A","2011",56.1787735483371,
"FRA","LFPR","15MORE","PC_AGE","A","2012",56.383696931119,
"FRA","LFPR","15MORE","PC_AGE","A","2013",56.3640550342525,
"FRA","LFPR","15MORE","PC_AGE","A","2014",56.101982786588,
"FRA","LFPR","15MORE","PC_AGE","A","2015",56.0595686408764,
"FRA","LFPR","15MORE","PC_AGE","A","2016",55.9306638407388,
"FRA","LFPR","15MORE","PC_AGE","A","2017",55.7493188010899,
"FRA","LFPR","15MORE","PC_AGE","A","2018",55.7958542243508,
"FRA","LFPR","15MORE","PC_AGE","A","2019",55.3298765746754,
"FRA","LFPR","15MORE","PC_AGE","A","2020",54.5348452565336,
"FRA","LFPR","15MORE","PC_AGE","A","2021",55.8455650836929,
"DEU","LFPR","15MORE","PC_AGE","A","2000",57.5532131729901,
"DEU","LFPR","15MORE","PC_AGE","A","2001",57.5438596491228,
"DEU","LFPR","15MORE","PC_AGE","A","2002",57.2193594018389,
"DEU","LFPR","15MORE","PC_AGE","A","2003",56.919330903223,
"DEU","LFPR","15MORE","PC_AGE","A","2004",57.1348901059616,
"DEU","LFPR","15MORE","PC_AGE","A","2005",58.4773656687708,
"DEU","LFPR","15MORE","PC_AGE","A","2006",59.0240366163949,
"DEU","LFPR","15MORE","PC_AGE","A","2007",59.2029201641882,
"DEU","LFPR","15MORE","PC_AGE","A","2008",59.2985792753027,
"DEU","LFPR","15MORE","PC_AGE","A","2009",59.4595747706748,
"DEU","LFPR","15MORE","PC_AGE","A","2010",59.519943019943,
"DEU","LFPR","15MORE","PC_AGE","A","2011",60.1160620552899,
"DEU","LFPR","15MORE","PC_AGE","A","2012",60.0540556249818,
"DEU","LFPR","15MORE","PC_AGE","A","2013",60.3447527245886,
"DEU","LFPR","15MORE","PC_AGE","A","2014",60.4075754302585,
"DEU","LFPR","15MORE","PC_AGE","A","2015",60.1690027816634,
"DEU","LFPR","15MORE","PC_AGE","A","2016",61.0075411661182,
"DEU","LFPR","15MORE","PC_AGE","A","2017",61.2098683591906,
"DEU","LFPR","15MORE","PC_AGE","A","2018",61.2829879128033,
"DEU","LFPR","15MORE","PC_AGE","A","2019",61.9163356292714,
"DEU","LFPR","15MORE","PC_AGE","A","2020",60.6699625169093,
"DEU","LFPR","15MORE","PC_AGE","A","2021",60.5530691775597,
"GRC","LFPR","15MORE","PC_AGE","A","2000",52.1721476272593,
"GRC","LFPR","15MORE","PC_AGE","A","2001",51.4472909663945,
"GRC","LFPR","15MORE","PC_AGE","A","2002",51.7769014483067,
"GRC","LFPR","15MORE","PC_AGE","A","2003",52.2584239255498,
"GRC","LFPR","15MORE","PC_AGE","A","2004",52.8730834813081,
"GRC","LFPR","15MORE","PC_AGE","A","2005",52.9013838786829,
"GRC","LFPR","15MORE","PC_AGE","A","2006",53.0792435445997,
"GRC","LFPR","15MORE","PC_AGE","A","2007",52.934728979435,
"GRC","LFPR","15MORE","PC_AGE","A","2008",52.9755473902147,
"GRC","LFPR","15MORE","PC_AGE","A","2009",53.4475903854293,
"GRC","LFPR","15MORE","PC_AGE","A","2010",53.5045629783994,
"GRC","LFPR","15MORE","PC_AGE","A","2011",52.6645545330016,
"GRC","LFPR","15MORE","PC_AGE","A","2012",52.3294307428682,
"GRC","LFPR","15MORE","PC_AGE","A","2013",52.0277710411309,
"GRC","LFPR","15MORE","PC_AGE","A","2014",51.8270750188392,
"GRC","LFPR","15MORE","PC_AGE","A","2015",51.9940976654757,
"GRC","LFPR","15MORE","PC_AGE","A","2016",52.1501023481102,
"GRC","LFPR","15MORE","PC_AGE","A","2017",52.0841411440103,
"GRC","LFPR","15MORE","PC_AGE","A","2018",51.8922420899912,
"GRC","LFPR","15MORE","PC_AGE","A","2019",51.9568911230082,
"GRC","LFPR","15MORE","PC_AGE","A","2020",51.0010732868364,
"GRC","LFPR","15MORE","PC_AGE","A","2021",50.8052393852741,
"HUN","LFPR","15MORE","PC_AGE","A","2000",52.9584156613582,
"HUN","LFPR","15MORE","PC_AGE","A","2001",52.7816373275489,
"HUN","LFPR","15MORE","PC_AGE","A","2002",52.9424642965998,
"HUN","LFPR","15MORE","PC_AGE","A","2003",53.795400528624,
"HUN","LFPR","15MORE","PC_AGE","A","2004",53.7908613170649,
"HUN","LFPR","15MORE","PC_AGE","A","2005",54.4596382096294,
"HUN","LFPR","15MORE","PC_AGE","A","2006",55.0343394950486,
"HUN","LFPR","15MORE","PC_AGE","A","2007",54.7038283683109,
"HUN","LFPR","15MORE","PC_AGE","A","2008",54.2886867685832,
"HUN","LFPR","15MORE","PC_AGE","A","2009",54.2689279225185,
"HUN","LFPR","15MORE","PC_AGE","A","2010",54.835762842381,
"HUN","LFPR","15MORE","PC_AGE","A","2011",50.678885871409,
"HUN","LFPR","15MORE","PC_AGE","A","2012",51.6613410435682,
"HUN","LFPR","15MORE","PC_AGE","A","2013",52.1799335649723,
"HUN","LFPR","15MORE","PC_AGE","A","2014",53.6834607432815,
"HUN","LFPR","15MORE","PC_AGE","A","2015",54.7575854827746,
"HUN","LFPR","15MORE","PC_AGE","A","2016",55.6968738992496,
"HUN","LFPR","15MORE","PC_AGE","A","2017",56.2733155282758,
"HUN","LFPR","15MORE","PC_AGE","A","2018",56.7309964123594,
"HUN","LFPR","15MORE","PC_AGE","A","2019",57.0992071796367,
"HUN","LFPR","15MORE","PC_AGE","A","2020",56.9006268037629,
"HUN","LFPR","15MORE","PC_AGE","A","2021",65.6358830006918,
"ISL","LFPR","15MORE","PC_AGE","A","2000",81.8229219916164,
"ISL","LFPR","15MORE","PC_AGE","A","2001",81.9488930521142,
"ISL","LFPR","15MORE","PC_AGE","A","2002",81.1380859600002,
"ISL","LFPR","15MORE","PC_AGE","A","2003",80.5939887981117,
"ISL","LFPR","15MORE","PC_AGE","A","2004",79.5471618995649,
"ISL","LFPR","15MORE","PC_AGE","A","2005",80.5792657382889,
"ISL","LFPR","15MORE","PC_AGE","A","2006",81.5725400726064,
"ISL","LFPR","15MORE","PC_AGE","A","2007",81.784128137327,
"ISL","LFPR","15MORE","PC_AGE","A","2008",80.9899474715208,
"ISL","LFPR","15MORE","PC_AGE","A","2009",79.4079381016464,
"ISL","LFPR","15MORE","PC_AGE","A","2010",79.6686469351787,
"ISL","LFPR","15MORE","PC_AGE","A","2011",79.0370945816603,
"ISL","LFPR","15MORE","PC_AGE","A","2012",78.8051475432066,
"ISL","LFPR","15MORE","PC_AGE","A","2013",79.7950926092543,
"ISL","LFPR","15MORE","PC_AGE","A","2014",79.6516673217638,
"ISL","LFPR","15MORE","PC_AGE","A","2015",80.9942527121806,
"ISL","LFPR","15MORE","PC_AGE","A","2016",81.9285758988076,
"ISL","LFPR","15MORE","PC_AGE","A","2017",80.6886901387096,
"ISL","LFPR","15MORE","PC_AGE","A","2018",79.4983264244112,
"ISL","LFPR","15MORE","PC_AGE","A","2019",79.0002322992162,
"ISL","LFPR","15MORE","PC_AGE","A","2020",77.3831850241116,
"ISL","LFPR","15MORE","PC_AGE","A","2021",78.7909716226792,
"IRL","LFPR","15MORE","PC_AGE","A","2000",59.3578226870998,
"IRL","LFPR","15MORE","PC_AGE","A","2001",59.7457742221607,
"IRL","LFPR","15MORE","PC_AGE","A","2002",59.8634696505142,
"IRL","LFPR","15MORE","PC_AGE","A","2003",60.0736497452403,
"IRL","LFPR","15MORE","PC_AGE","A","2004",60.6384609705018,
"IRL","LFPR","15MORE","PC_AGE","A","2005",61.8273200489534,
"IRL","LFPR","15MORE","PC_AGE","A","2006",63.0668296652153,
"IRL","LFPR","15MORE","PC_AGE","A","2007",66.5360080917925,
"IRL","LFPR","15MORE","PC_AGE","A","2008",65.85057920786,
"IRL","LFPR","15MORE","PC_AGE","A","2009",64.0356757140062,
"IRL","LFPR","15MORE","PC_AGE","A","2010",62.5342325356689,
"IRL","LFPR","15MORE","PC_AGE","A","2011",61.9142850232624,
"IRL","LFPR","15MORE","PC_AGE","A","2012",61.5747018217285,
"IRL","LFPR","15MORE","PC_AGE","A","2013",61.8896543384112,
"IRL","LFPR","15MORE","PC_AGE","A","2014",61.6854157175819,
"IRL","LFPR","15MORE","PC_AGE","A","2015",61.7923376199466,
"IRL","LFPR","15MORE","PC_AGE","A","2016",62.1516178905454,
"IRL","LFPR","15MORE","PC_AGE","A","2017",61.9590995654641,
"IRL","LFPR","15MORE","PC_AGE","A","2018",62.1446927378946,
"IRL","LFPR","15MORE","PC_AGE","A","2019",62.1392844610641,
"IRL","LFPR","15MORE","PC_AGE","A","2020",60.8336020412624,
"IRL","LFPR","15MORE","PC_AGE","A","2021",63.0467322043868,
"ITA","LFPR","15MORE","PC_AGE","A","2000",48.4897703225478,
"ITA","LFPR","15MORE","PC_AGE","A","2001",48.6934034935313,
"ITA","LFPR","15MORE","PC_AGE","A","2002",48.9452505791977,
"ITA","LFPR","15MORE","PC_AGE","A","2003",49.2387914102661,
"ITA","LFPR","15MORE","PC_AGE","A","2004",49.4715417683145,
"ITA","LFPR","15MORE","PC_AGE","A","2005",49.0534747931405,
"ITA","LFPR","15MORE","PC_AGE","A","2006",49.0768992068736,
"ITA","LFPR","15MORE","PC_AGE","A","2007",48.7525032195923,
"ITA","LFPR","15MORE","PC_AGE","A","2008",49.1015864770741,
"ITA","LFPR","15MORE","PC_AGE","A","2009",48.4773555790616,
"ITA","LFPR","15MORE","PC_AGE","A","2010",48.2051025801963,
"ITA","LFPR","15MORE","PC_AGE","A","2011",48.1433609765698,
"ITA","LFPR","15MORE","PC_AGE","A","2012",49.0834191927923,
"ITA","LFPR","15MORE","PC_AGE","A","2013",48.7932070671435,
"ITA","LFPR","15MORE","PC_AGE","A","2014",49.0585740949067,
"ITA","LFPR","15MORE","PC_AGE","A","2015",48.9685032780536,
"ITA","LFPR","15MORE","PC_AGE","A","2016",49.5018136629564,
"ITA","LFPR","15MORE","PC_AGE","A","2017",49.8147679646254,
"ITA","LFPR","15MORE","PC_AGE","A","2018",49.916984759572,
"ITA","LFPR","15MORE","PC_AGE","A","2019",49.8929664369019,
"ITA","LFPR","15MORE","PC_AGE","A","2020",48.5089352165342,
"ITA","LFPR","15MORE","PC_AGE","A","2021",48.5731286375672,
"JPN","LFPR","15MORE","PC_AGE","A","2000",62.4342530220541,
"JPN","LFPR","15MORE","PC_AGE","A","2001",62.0338048870108,
"JPN","LFPR","15MORE","PC_AGE","A","2002",61.2336414386382,
"JPN","LFPR","15MORE","PC_AGE","A","2003",60.7810931654348,
"JPN","LFPR","15MORE","PC_AGE","A","2004",60.4111707450196,
"JPN","LFPR","15MORE","PC_AGE","A","2005",60.4070137185427,
"JPN","LFPR","15MORE","PC_AGE","A","2006",60.4028672534253,
"JPN","LFPR","15MORE","PC_AGE","A","2007",60.4128938790293,
"JPN","LFPR","15MORE","PC_AGE","A","2008",60.1701049583786,
"JPN","LFPR","15MORE","PC_AGE","A","2009",59.8552036199095,
"JPN","LFPR","15MORE","PC_AGE","A","2010",59.6451525300987,
"JPN","LFPR","15MORE","PC_AGE","A","2011",59.3157695223654,
"JPN","LFPR","15MORE","PC_AGE","A","2012",59.0663302090844,
"JPN","LFPR","15MORE","PC_AGE","A","2013",59.3434343434343,
"JPN","LFPR","15MORE","PC_AGE","A","2014",59.4658003970402,
"JPN","LFPR","15MORE","PC_AGE","A","2015",59.5685141722333,
"JPN","LFPR","15MORE","PC_AGE","A","2016",60.030697002528,
"JPN","LFPR","15MORE","PC_AGE","A","2017",60.4914933837429,
"JPN","LFPR","15MORE","PC_AGE","A","2018",61.5349968471309,
"JPN","LFPR","15MORE","PC_AGE","A","2019",62.039123771748,
"JPN","LFPR","15MORE","PC_AGE","A","2020",61.9765342960289,
"JPN","LFPR","15MORE","PC_AGE","A","2021",62.1151756609924,
"KOR","LFPR","15MORE","PC_AGE","A","2000",61.203733414051,
"KOR","LFPR","15MORE","PC_AGE","A","2001",61.492843266741,
"KOR","LFPR","15MORE","PC_AGE","A","2002",62.0905977108942,
"KOR","LFPR","15MORE","PC_AGE","A","2003",61.5942662893091,
"KOR","LFPR","15MORE","PC_AGE","A","2004",62.3313224958323,
"KOR","LFPR","15MORE","PC_AGE","A","2005",62.2210737022057,
"KOR","LFPR","15MORE","PC_AGE","A","2006",62.1864946482506,
"KOR","LFPR","15MORE","PC_AGE","A","2007",62.1531051763482,
"KOR","LFPR","15MORE","PC_AGE","A","2008",61.7231712900814,
"KOR","LFPR","15MORE","PC_AGE","A","2009",60.9946542728162,
"KOR","LFPR","15MORE","PC_AGE","A","2010",61.1313327012898,
"KOR","LFPR","15MORE","PC_AGE","A","2011",61.3449601546038,
"KOR","LFPR","15MORE","PC_AGE","A","2012",61.5926202419619,
"KOR","LFPR","15MORE","PC_AGE","A","2013",61.7152598908918,
"KOR","LFPR","15MORE","PC_AGE","A","2014",62.7073257991613,
"KOR","LFPR","15MORE","PC_AGE","A","2015",62.7968933643521,
"KOR","LFPR","15MORE","PC_AGE","A","2016",62.8777304640679,
"KOR","LFPR","15MORE","PC_AGE","A","2017",63.1633211486042,
"KOR","LFPR","15MORE","PC_AGE","A","2018",63.1382150377891,
"KOR","LFPR","15MORE","PC_AGE","A","2019",63.3345693582669,
"KOR","LFPR","15MORE","PC_AGE","A","2020",62.5478678296734,
"KOR","LFPR","15MORE","PC_AGE","A","2021",62.7993283018457,
"LUX","LFPR","15MORE","PC_AGE","A","2000",53.4119438958363,
"LUX","LFPR","15MORE","PC_AGE","A","2001",53.8146319753259,
"LUX","LFPR","15MORE","PC_AGE","A","2002",54.7647420809169,
"LUX","LFPR","15MORE","PC_AGE","A","2003",54.174874865401,
"LUX","LFPR","15MORE","PC_AGE","A","2004",55.0049021669168,
"LUX","LFPR","15MORE","PC_AGE","A","2005",55.5554980024666,
"LUX","LFPR","15MORE","PC_AGE","A","2006",55.0079332495758,
"LUX","LFPR","15MORE","PC_AGE","A","2007",55.930495673091,
"LUX","LFPR","15MORE","PC_AGE","A","2008",56.011143999649,
"LUX","LFPR","15MORE","PC_AGE","A","2009",58.1634995811065,
"LUX","LFPR","15MORE","PC_AGE","A","2010",57.6992199822132,
"LUX","LFPR","15MORE","PC_AGE","A","2011",57.5881027285314,
"LUX","LFPR","15MORE","PC_AGE","A","2012",58.7507186426881,
"LUX","LFPR","15MORE","PC_AGE","A","2013",59.3930331324702,
"LUX","LFPR","15MORE","PC_AGE","A","2014",60.0794457213347,
"LUX","LFPR","15MORE","PC_AGE","A","2015",59.9776342588525,
"LUX","LFPR","15MORE","PC_AGE","A","2016",58.9075162300724,
"LUX","LFPR","15MORE","PC_AGE","A","2017",59.3144199269626,
"LUX","LFPR","15MORE","PC_AGE","A","2018",59.8848208869096,
"LUX","LFPR","15MORE","PC_AGE","A","2019",60.6461254113757,
"LUX","LFPR","15MORE","PC_AGE","A","2020",60.8032486943654,
"LUX","LFPR","15MORE","PC_AGE","A","2021",61.9247368651724,
"MEX","LFPR","15MORE","PC_AGE","A","2000",59.2119021095711,
"MEX","LFPR","15MORE","PC_AGE","A","2001",58.3221846286254,
"MEX","LFPR","15MORE","PC_AGE","A","2002",58.4417723942098,
"MEX","LFPR","15MORE","PC_AGE","A","2003",57.882653614853,
"MEX","LFPR","15MORE","PC_AGE","A","2004",59.3370382714701,
"MEX","LFPR","15MORE","PC_AGE","A","2005",59.328806279739,
"MEX","LFPR","15MORE","PC_AGE","A","2006",60.1321688218952,
"MEX","LFPR","15MORE","PC_AGE","A","2007",60.1138724085569,
"MEX","LFPR","15MORE","PC_AGE","A","2008",59.9541306641092,
"MEX","LFPR","15MORE","PC_AGE","A","2009",59.9055731253432,
"MEX","LFPR","15MORE","PC_AGE","A","2010",59.6768750392248,
"MEX","LFPR","15MORE","PC_AGE","A","2011",59.7708929611816,
"MEX","LFPR","15MORE","PC_AGE","A","2012",60.4310018115716,
"MEX","LFPR","15MORE","PC_AGE","A","2013",60.2949115994705,
"MEX","LFPR","15MORE","PC_AGE","A","2014",59.77400215472,
"MEX","LFPR","15MORE","PC_AGE","A","2015",59.8094832094454,
"MEX","LFPR","15MORE","PC_AGE","A","2016",59.6923132080018,
"MEX","LFPR","15MORE","PC_AGE","A","2017",59.3498843176286,
"MEX","LFPR","15MORE","PC_AGE","A","2018",59.5657505527462,
"MEX","LFPR","15MORE","PC_AGE","A","2019",60.1121635877521,
"MEX","LFPR","15MORE","PC_AGE","A","2020",57.60669160793,
"MEX","LFPR","15MORE","PC_AGE","A","2021",58.8238595905859,
"NLD","LFPR","15MORE","PC_AGE","A","2000",63.0588235294118,
"NLD","LFPR","15MORE","PC_AGE","A","2001",63.0653070755818,
"NLD","LFPR","15MORE","PC_AGE","A","2002",63.8085665687336,
"NLD","LFPR","15MORE","PC_AGE","A","2003",62.9613372655415,
"NLD","LFPR","15MORE","PC_AGE","A","2004",63.0705683328611,
"NLD","LFPR","15MORE","PC_AGE","A","2005",63.395582718769,
"NLD","LFPR","15MORE","PC_AGE","A","2006",63.5326096899488,
"NLD","LFPR","15MORE","PC_AGE","A","2007",64.5163171017236,
"NLD","LFPR","15MORE","PC_AGE","A","2008",65.2601340175116,
"NLD","LFPR","15MORE","PC_AGE","A","2009",65.3776510504916,
"NLD","LFPR","15MORE","PC_AGE","A","2010",64.8430325832808,
"NLD","LFPR","15MORE","PC_AGE","A","2011",64.5351126670763,
"NLD","LFPR","15MORE","PC_AGE","A","2012",65.0029273194865,
"NLD","LFPR","15MORE","PC_AGE","A","2013",64.9484357263385,
"NLD","LFPR","15MORE","PC_AGE","A","2014",64.3904270891646,
"NLD","LFPR","15MORE","PC_AGE","A","2015",64.3824448742791,
"NLD","LFPR","15MORE","PC_AGE","A","2016",64.0870988092245,
"NLD","LFPR","15MORE","PC_AGE","A","2017",64.0137427947284,
"NLD","LFPR","15MORE","PC_AGE","A","2018",64.2785833896958,
"NLD","LFPR","15MORE","PC_AGE","A","2019",64.7815695897819,
"NLD","LFPR","15MORE","PC_AGE","A","2020",64.5478407542865,
"NLD","LFPR","15MORE","PC_AGE","A","2021",66.971362756845,
"NZL","LFPR","15MORE","PC_AGE","A","2000",65.2281935271476,
"NZL","LFPR","15MORE","PC_AGE","A","2001",65.77758244561,
"NZL","LFPR","15MORE","PC_AGE","A","2002",66.5056896284942,
"NZL","LFPR","15MORE","PC_AGE","A","2003",66.2959136779037,
"NZL","LFPR","15MORE","PC_AGE","A","2004",66.9069094955445,
"NZL","LFPR","15MORE","PC_AGE","A","2005",67.6702309640534,
"NZL","LFPR","15MORE","PC_AGE","A","2006",68.1944012566278,
"NZL","LFPR","15MORE","PC_AGE","A","2007",68.4319324204194,
"NZL","LFPR","15MORE","PC_AGE","A","2008",68.3999635142592,
"NZL","LFPR","15MORE","PC_AGE","A","2009",68.1619023923557,
"NZL","LFPR","15MORE","PC_AGE","A","2010",67.9733747548508,
"NZL","LFPR","15MORE","PC_AGE","A","2011",68.3280777522674,
"NZL","LFPR","15MORE","PC_AGE","A","2012",68.031432011165,
"NZL","LFPR","15MORE","PC_AGE","A","2013",67.772389210423,
"NZL","LFPR","15MORE","PC_AGE","A","2014",68.6863281178711,
"NZL","LFPR","15MORE","PC_AGE","A","2015",68.7881111633084,
"NZL","LFPR","15MORE","PC_AGE","A","2016",69.9708610041308,
"NZL","LFPR","15MORE","PC_AGE","A","2017",70.907333357948,
"NZL","LFPR","15MORE","PC_AGE","A","2018",70.9094161328097,
"NZL","LFPR","15MORE","PC_AGE","A","2019",70.5526548894709,
"NZL","LFPR","15MORE","PC_AGE","A","2020",70.2331855186072,
"NZL","LFPR","15MORE","PC_AGE","A","2021",70.7884614534482,
"NOR","LFPR","15MORE","PC_AGE","A","2000",73.1864684715879,
"NOR","LFPR","15MORE","PC_AGE","A","2001",73.3376391510616,
"NOR","LFPR","15MORE","PC_AGE","A","2002",73.3515533026296,
"NOR","LFPR","15MORE","PC_AGE","A","2003",72.476740920202,
"NOR","LFPR","15MORE","PC_AGE","A","2004",72.2650774304074,
"NOR","LFPR","15MORE","PC_AGE","A","2005",72.192603218103,
"NOR","LFPR","15MORE","PC_AGE","A","2006",71.8559661908051,
"NOR","LFPR","15MORE","PC_AGE","A","2007",72.6391004877978,
"NOR","LFPR","15MORE","PC_AGE","A","2008",73.7767326622384,
"NOR","LFPR","15MORE","PC_AGE","A","2009",72.645542938004,
"NOR","LFPR","15MORE","PC_AGE","A","2010",71.7969824203339,
"NOR","LFPR","15MORE","PC_AGE","A","2011",71.3289562865376,
"NOR","LFPR","15MORE","PC_AGE","A","2012",71.4153077111915,
"NOR","LFPR","15MORE","PC_AGE","A","2013",71.0764407780982,
"NOR","LFPR","15MORE","PC_AGE","A","2014",64.854971997236,
"NOR","LFPR","15MORE","PC_AGE","A","2015",64.9781639845688,
"NOR","LFPR","15MORE","PC_AGE","A","2016",64.5175375143317,
"NOR","LFPR","15MORE","PC_AGE","A","2017",63.7282982948896,
"NOR","LFPR","15MORE","PC_AGE","A","2018",64.1154381716511,
"NOR","LFPR","15MORE","PC_AGE","A","2019",64.1832945078484,
"NOR","LFPR","15MORE","PC_AGE","A","2020",63.8340867453547,
"NOR","LFPR","15MORE","PC_AGE","A","2021",66.5035576443164,
"POL","LFPR","15MORE","PC_AGE","A","2000",65.7640156960255,
"POL","LFPR","15MORE","PC_AGE","A","2001",65.6665122026568,
"POL","LFPR","15MORE","PC_AGE","A","2002",55.413514470592,
"POL","LFPR","15MORE","PC_AGE","A","2003",54.7472136973025,
"POL","LFPR","15MORE","PC_AGE","A","2004",54.7030681193832,
"POL","LFPR","15MORE","PC_AGE","A","2005",54.9017537798082,
"POL","LFPR","15MORE","PC_AGE","A","2006",54.001861924286,
"POL","LFPR","15MORE","PC_AGE","A","2007",53.7055265144637,
"POL","LFPR","15MORE","PC_AGE","A","2008",54.2203890643776,
"POL","LFPR","15MORE","PC_AGE","A","2009",54.9237933281417,
"POL","LFPR","15MORE","PC_AGE","A","2010",55.3171831641108,
"POL","LFPR","15MORE","PC_AGE","A","2011",55.5464166255415,
"POL","LFPR","15MORE","PC_AGE","A","2012",55.8679682969264,
"POL","LFPR","15MORE","PC_AGE","A","2013",55.9363208609912,
"POL","LFPR","15MORE","PC_AGE","A","2014",56.2485478021875,
"POL","LFPR","15MORE","PC_AGE","A","2015",56.1594295753328,
"POL","LFPR","15MORE","PC_AGE","A","2016",56.2173013102133,
"POL","LFPR","15MORE","PC_AGE","A","2017",56.4370304562615,
"POL","LFPR","15MORE","PC_AGE","A","2018",56.3380968365431,
"POL","LFPR","15MORE","PC_AGE","A","2019",56.1981169215863,
"POL","LFPR","15MORE","PC_AGE","A","2020",56.0885279410633,
"POL","LFPR","15MORE","PC_AGE","A","2021",57.2212012394977,
"PRT","LFPR","15MORE","PC_AGE","A","2000",60.9515842141793,
"PRT","LFPR","15MORE","PC_AGE","A","2001",61.4948083369838,
"PRT","LFPR","15MORE","PC_AGE","A","2002",61.9388646424385,
"PRT","LFPR","15MORE","PC_AGE","A","2003",61.8909307594928,
"PRT","LFPR","15MORE","PC_AGE","A","2004",61.5639685021316,
"PRT","LFPR","15MORE","PC_AGE","A","2005",61.8660865604439,
"PRT","LFPR","15MORE","PC_AGE","A","2006",62.0739083818492,
"PRT","LFPR","15MORE","PC_AGE","A","2007",62.2218217764658,
"PRT","LFPR","15MORE","PC_AGE","A","2008",62.0319006148297,
"PRT","LFPR","15MORE","PC_AGE","A","2009",61.3548666271847,
"PRT","LFPR","15MORE","PC_AGE","A","2010",61.2295889236558,
"PRT","LFPR","15MORE","PC_AGE","A","2011",57.752551173695,
"PRT","LFPR","15MORE","PC_AGE","A","2012",57.2571689359995,
"PRT","LFPR","15MORE","PC_AGE","A","2013",56.819834167919,
"PRT","LFPR","15MORE","PC_AGE","A","2014",56.9286725396061,
"PRT","LFPR","15MORE","PC_AGE","A","2015",57.1075846222978,
"PRT","LFPR","15MORE","PC_AGE","A","2016",57.2010056258264,
"PRT","LFPR","15MORE","PC_AGE","A","2017",57.7767868522974,
"PRT","LFPR","15MORE","PC_AGE","A","2018",58.1878101655112,
"PRT","LFPR","15MORE","PC_AGE","A","2019",58.3962096579343,
"PRT","LFPR","15MORE","PC_AGE","A","2020",57.2684663821928,
"PRT","LFPR","15MORE","PC_AGE","A","2021",59.2100418539738,
"SVK","LFPR","15MORE","PC_AGE","A","2000",60.0654550518766,
"SVK","LFPR","15MORE","PC_AGE","A","2001",60.5739798853881,
"SVK","LFPR","15MORE","PC_AGE","A","2002",60.0845646528943,
"SVK","LFPR","15MORE","PC_AGE","A","2003",60.2548501894157,
"SVK","LFPR","15MORE","PC_AGE","A","2004",60.0793201133144,
"SVK","LFPR","15MORE","PC_AGE","A","2005",59.4231893179877,
"SVK","LFPR","15MORE","PC_AGE","A","2006",59.053594073283,
"SVK","LFPR","15MORE","PC_AGE","A","2007",58.7526990750844,
"SVK","LFPR","15MORE","PC_AGE","A","2008",59.3431077025528,
"SVK","LFPR","15MORE","PC_AGE","A","2009",58.8763110434067,
"SVK","LFPR","15MORE","PC_AGE","A","2010",59.9009359461588,
"SVK","LFPR","15MORE","PC_AGE","A","2011",58.7591995281764,
"SVK","LFPR","15MORE","PC_AGE","A","2012",59.1987201067407,
"SVK","LFPR","15MORE","PC_AGE","A","2013",59.281427464874,
"SVK","LFPR","15MORE","PC_AGE","A","2014",59.3492315105456,
"SVK","LFPR","15MORE","PC_AGE","A","2015",59.639660538754,
"SVK","LFPR","15MORE","PC_AGE","A","2016",60.0345345892223,
"SVK","LFPR","15MORE","PC_AGE","A","2017",59.9480317737182,
"SVK","LFPR","15MORE","PC_AGE","A","2018",59.7853470566522,
"SVK","LFPR","15MORE","PC_AGE","A","2019",59.6940144945142,
"SVK","LFPR","15MORE","PC_AGE","A","2020",59.0465736610258,
"SVK","LFPR","15MORE","PC_AGE","A","2021",60.6113205268084,
"ESP","LFPR","15MORE","PC_AGE","A","2000",53.8325116057148,
"ESP","LFPR","15MORE","PC_AGE","A","2001",52.9971385148774,
"ESP","LFPR","15MORE","PC_AGE","A","2002",54.6050588259006,
"ESP","LFPR","15MORE","PC_AGE","A","2003",55.8350218361555,
"ESP","LFPR","15MORE","PC_AGE","A","2004",56.7115117493251,
"ESP","LFPR","15MORE","PC_AGE","A","2005",57.7936144351688,
"ESP","LFPR","15MORE","PC_AGE","A","2006",58.6384348435978,
"ESP","LFPR","15MORE","PC_AGE","A","2007",59.2763263202218,
"ESP","LFPR","15MORE","PC_AGE","A","2008",60.0820577900653,
"ESP","LFPR","15MORE","PC_AGE","A","2009",60.1806894511668,
"ESP","LFPR","15MORE","PC_AGE","A","2010",60.2800672556159,
"ESP","LFPR","15MORE","PC_AGE","A","2011",60.3312877358377,
"ESP","LFPR","15MORE","PC_AGE","A","2012",60.3986036010683,
"ESP","LFPR","15MORE","PC_AGE","A","2013",60.0179973504871,
"ESP","LFPR","15MORE","PC_AGE","A","2014",59.5997197970184,
"ESP","LFPR","15MORE","PC_AGE","A","2015",59.5415088724419,
"ESP","LFPR","15MORE","PC_AGE","A","2016",59.2312518239889,
"ESP","LFPR","15MORE","PC_AGE","A","2017",58.834043277649,
"ESP","LFPR","15MORE","PC_AGE","A","2018",58.6493195152805,
"ESP","LFPR","15MORE","PC_AGE","A","2019",58.6390331062829,
"ESP","LFPR","15MORE","PC_AGE","A","2020",57.43801918605,
"ESP","LFPR","15MORE","PC_AGE","A","2021",58.513827163072,
"SWE","LFPR","15MORE","PC_AGE","A","2000",70.9026465028355,
"SWE","LFPR","15MORE","PC_AGE","A","2001",71.2829360100376,
"SWE","LFPR","15MORE","PC_AGE","A","2002",71.2852909062549,
"SWE","LFPR","15MORE","PC_AGE","A","2003",71.0696447960292,
"SWE","LFPR","15MORE","PC_AGE","A","2004",70.7953827423059,
"SWE","LFPR","15MORE","PC_AGE","A","2005",72.0244197255076,
"SWE","LFPR","15MORE","PC_AGE","A","2006",72.0784040474423,
"SWE","LFPR","15MORE","PC_AGE","A","2007",71.151938123509,
"SWE","LFPR","15MORE","PC_AGE","A","2008",71.2328946335592,
"SWE","LFPR","15MORE","PC_AGE","A","2009",70.5795661557175,
"SWE","LFPR","15MORE","PC_AGE","A","2010",70.4753902244503,
"SWE","LFPR","15MORE","PC_AGE","A","2011",70.9178047332259,
"SWE","LFPR","15MORE","PC_AGE","A","2012",71.1241672054648,
"SWE","LFPR","15MORE","PC_AGE","A","2013",71.4766779954045,
"SWE","LFPR","15MORE","PC_AGE","A","2014",71.9391010462692,
"SWE","LFPR","15MORE","PC_AGE","A","2015",71.9664923164705,
"SWE","LFPR","15MORE","PC_AGE","A","2016",72.0577384498189,
"SWE","LFPR","15MORE","PC_AGE","A","2017",72.6729969367177,
"SWE","LFPR","15MORE","PC_AGE","A","2018",72.943557553465,
"SWE","LFPR","15MORE","PC_AGE","A","2019",73.2948953597666,
"SWE","LFPR","15MORE","PC_AGE","A","2020",73.2780468387182,
"SWE","LFPR","15MORE","PC_AGE","A","2021",73.8412183683716,
"CHE","LFPR","15MORE","PC_AGE","A","2000",67.3596342719661,
"CHE","LFPR","15MORE","PC_AGE","A","2001",67.8007938505131,
"CHE","LFPR","15MORE","PC_AGE","A","2002",67.7203185682038,
"CHE","LFPR","15MORE","PC_AGE","A","2003",67.8455002045197,
"CHE","LFPR","15MORE","PC_AGE","A","2004",67.2737089254569,
"CHE","LFPR","15MORE","PC_AGE","A","2005",66.976128610617,
"CHE","LFPR","15MORE","PC_AGE","A","2006",67.3511600427078,
"CHE","LFPR","15MORE","PC_AGE","A","2007",67.621772602102,
"CHE","LFPR","15MORE","PC_AGE","A","2008",68.187015307804,
"CHE","LFPR","15MORE","PC_AGE","A","2009",68.2329643508091,
"CHE","LFPR","15MORE","PC_AGE","A","2010",66.9989589628804,
"CHE","LFPR","15MORE","PC_AGE","A","2011",67.4554719689238,
"CHE","LFPR","15MORE","PC_AGE","A","2012",67.5234814191409,
"CHE","LFPR","15MORE","PC_AGE","A","2013",67.5366849942641,
"CHE","LFPR","15MORE","PC_AGE","A","2014",67.9091929103863,
"CHE","LFPR","15MORE","PC_AGE","A","2015",68.1475044866361,
"CHE","LFPR","15MORE","PC_AGE","A","2016",68.5686143081853,
"CHE","LFPR","15MORE","PC_AGE","A","2017",68.4440846627673,
"CHE","LFPR","15MORE","PC_AGE","A","2018",68.4842070226491,
"CHE","LFPR","15MORE","PC_AGE","A","2019",68.2312982935321,
"CHE","LFPR","15MORE","PC_AGE","A","2020",67.8657900548896,
"CHE","LFPR","15MORE","PC_AGE","A","2021",67.3762888600773,
"TUR","LFPR","15MORE","PC_AGE","A","2000",49.9480631897858,
"TUR","LFPR","15MORE","PC_AGE","A","2001",49.8218678429044,
"TUR","LFPR","15MORE","PC_AGE","A","2002",49.5774354704413,
"TUR","LFPR","15MORE","PC_AGE","A","2003",48.3305731051545,
"TUR","LFPR","15MORE","PC_AGE","A","2004",46.3077084866968,
"TUR","LFPR","15MORE","PC_AGE","A","2005",46.4328549567807,
"TUR","LFPR","15MORE","PC_AGE","A","2006",46.2602188148208,
"TUR","LFPR","15MORE","PC_AGE","A","2007",46.2384733862741,
"TUR","LFPR","15MORE","PC_AGE","A","2008",46.8859562733898,
"TUR","LFPR","15MORE","PC_AGE","A","2009",47.8814379135549,
"TUR","LFPR","15MORE","PC_AGE","A","2010",48.7999390928644,
"TUR","LFPR","15MORE","PC_AGE","A","2011",49.8675224838601,
"TUR","LFPR","15MORE","PC_AGE","A","2012",49.9597982603611,
"TUR","LFPR","15MORE","PC_AGE","A","2013",50.8362106171774,
"TUR","LFPR","15MORE","PC_AGE","A","2014",50.5080105989085,
"TUR","LFPR","15MORE","PC_AGE","A","2015",51.2998236941266,
"TUR","LFPR","15MORE","PC_AGE","A","2016",51.9950273326408,
"TUR","LFPR","15MORE","PC_AGE","A","2017",52.8333388987211,
"TUR","LFPR","15MORE","PC_AGE","A","2018",53.2116595772744,
"TUR","LFPR","15MORE","PC_AGE","A","2019",52.9510330242395,
"TUR","LFPR","15MORE","PC_AGE","A","2020",49.3328219633412,
"TUR","LFPR","15MORE","PC_AGE","A","2021",51.3515634811001,
"GBR","LFPR","15MORE","PC_AGE","A","2000",62.7438523816596,
"GBR","LFPR","15MORE","PC_AGE","A","2001",62.5507642748922,
"GBR","LFPR","15MORE","PC_AGE","A","2002",62.7276228935092,
"GBR","LFPR","15MORE","PC_AGE","A","2003",62.8196908494674,
"GBR","LFPR","15MORE","PC_AGE","A","2004",62.6459378964996,
"GBR","LFPR","15MORE","PC_AGE","A","2005",62.8465777869931,
"GBR","LFPR","15MORE","PC_AGE","A","2006",63.2052566413287,
"GBR","LFPR","15MORE","PC_AGE","A","2007",63.1396118101412,
"GBR","LFPR","15MORE","PC_AGE","A","2008",63.2092699550817,
"GBR","LFPR","15MORE","PC_AGE","A","2009",63.1075647965012,
"GBR","LFPR","15MORE","PC_AGE","A","2010",62.6537178496723,
"GBR","LFPR","15MORE","PC_AGE","A","2011",62.6108620146446,
"GBR","LFPR","15MORE","PC_AGE","A","2012",62.7528878753464,
"GBR","LFPR","15MORE","PC_AGE","A","2013",62.9956622447448,
"GBR","LFPR","15MORE","PC_AGE","A","2014",62.9045790297102,
"GBR","LFPR","15MORE","PC_AGE","A","2015",63.1644979849578,
"GBR","LFPR","15MORE","PC_AGE","A","2016",63.0970085992137,
"GBR","LFPR","15MORE","PC_AGE","A","2017",63.3275004265623,
"GBR","LFPR","15MORE","PC_AGE","A","2018",63.2955215767276,
"GBR","LFPR","15MORE","PC_AGE","A","2019",63.5340300301119,
"GBR","LFPR","15MORE","PC_AGE","A","2020",63.4093888049303,
"GBR","LFPR","15MORE","PC_AGE","A","2021",62.6963032792832,
"USA","LFPR","15MORE","PC_AGE","A","2000",67.0740484624395,
"USA","LFPR","15MORE","PC_AGE","A","2001",66.8241179396819,
"USA","LFPR","15MORE","PC_AGE","A","2002",66.5822493910006,
"USA","LFPR","15MORE","PC_AGE","A","2003",66.2433139968622,
"USA","LFPR","15MORE","PC_AGE","A","2004",65.9919680872497,
"USA","LFPR","15MORE","PC_AGE","A","2005",66.0447711681108,
"USA","LFPR","15MORE","PC_AGE","A","2006",66.1795169875969,
"USA","LFPR","15MORE","PC_AGE","A","2007",66.0384356616696,
"USA","LFPR","15MORE","PC_AGE","A","2008",65.9935497117046,
"USA","LFPR","15MORE","PC_AGE","A","2009",65.3703758677868,
"USA","LFPR","15MORE","PC_AGE","A","2010",64.7039284197602,
"USA","LFPR","15MORE","PC_AGE","A","2011",64.108021484106,
"USA","LFPR","15MORE","PC_AGE","A","2012",63.7001870234499,
"USA","LFPR","15MORE","PC_AGE","A","2013",63.2483850878586,
"USA","LFPR","15MORE","PC_AGE","A","2014",62.8856166842108,
"USA","LFPR","15MORE","PC_AGE","A","2015",62.6516640683251,
"USA","LFPR","15MORE","PC_AGE","A","2016",62.787826676869,
"USA","LFPR","15MORE","PC_AGE","A","2017",62.8519007836788,
"USA","LFPR","15MORE","PC_AGE","A","2018",62.8715732634054,
"USA","LFPR","15MORE","PC_AGE","A","2019",63.0995512649852,
"USA","LFPR","15MORE","PC_AGE","A","2020",61.7455671306967,
"USA","LFPR","15MORE","PC_AGE","A","2021",61.6576208562347,
"G7M","LFPR","15MORE","PC_AGE","A","2000",63.5889500889982,
"G7M","LFPR","15MORE","PC_AGE","A","2001",63.5076859148613,
"G7M","LFPR","15MORE","PC_AGE","A","2002",61.6450712401644,
"G7M","LFPR","15MORE","PC_AGE","A","2003",61.5096595213186,
"G7M","LFPR","15MORE","PC_AGE","A","2004",61.3828990068431,
"G7M","LFPR","15MORE","PC_AGE","A","2005",61.5355427178592,
"G7M","LFPR","15MORE","PC_AGE","A","2006",61.6847856151724,
"G7M","LFPR","15MORE","PC_AGE","A","2007",61.6593925935431,
"G7M","LFPR","15MORE","PC_AGE","A","2008",61.6645375178078,
"G7M","LFPR","15MORE","PC_AGE","A","2009",61.3248388644733,
"G7M","LFPR","15MORE","PC_AGE","A","2010",60.9673798773322,
"G7M","LFPR","15MORE","PC_AGE","A","2011",60.7240020958145,
"G7M","LFPR","15MORE","PC_AGE","A","2012",60.612842914045,
"G7M","LFPR","15MORE","PC_AGE","A","2013",60.5143566724313,
"G7M","LFPR","15MORE","PC_AGE","A","2014",60.375726079673,
"G7M","LFPR","15MORE","PC_AGE","A","2015",60.290993536148,
"G7M","LFPR","15MORE","PC_AGE","A","2016",60.5566574125575,
"G7M","LFPR","15MORE","PC_AGE","A","2017",60.72661363447,
"G7M","LFPR","15MORE","PC_AGE","A","2018",60.933905097143,
"G7M","LFPR","15MORE","PC_AGE","A","2019",61.1888586937354,
"G7M","LFPR","15MORE","PC_AGE","A","2020",60.2189813922383,
"G7M","LFPR","15MORE","PC_AGE","A","2021",60.3152773269535,
"BRA","LFPR","15MORE","PC_AGE","A","2001",67.0057565444471,
"BRA","LFPR","15MORE","PC_AGE","A","2002",67.8194858421006,
"BRA","LFPR","15MORE","PC_AGE","A","2003",67.8084629868279,
"BRA","LFPR","15MORE","PC_AGE","A","2004",68.5577944350436,
"BRA","LFPR","15MORE","PC_AGE","A","2005",69.3412490638729,
"BRA","LFPR","15MORE","PC_AGE","A","2006",69.0241478866794,
"BRA","LFPR","15MORE","PC_AGE","A","2007",68.5860055672291,
"BRA","LFPR","15MORE","PC_AGE","A","2008",68.5685802127637,
"BRA","LFPR","15MORE","PC_AGE","A","2009",68.5849070605986,
"BRA","LFPR","15MORE","PC_AGE","A","2011",66.165990092072,
"BRA","LFPR","15MORE","PC_AGE","A","2012",62.6560381174379,
"BRA","LFPR","15MORE","PC_AGE","A","2013",62.8751668552462,
"BRA","LFPR","15MORE","PC_AGE","A","2014",62.4310303576299,
"BRA","LFPR","15MORE","PC_AGE","A","2015",62.9413731652392,
"BRA","LFPR","15MORE","PC_AGE","A","2016",64.2015886288634,
"BRA","LFPR","15MORE","PC_AGE","A","2017",64.4232397260043,
"BRA","LFPR","15MORE","PC_AGE","A","2018",64.4704309143607,
"BRA","LFPR","15MORE","PC_AGE","A","2019",64.9814052201466,
"BRA","LFPR","15MORE","PC_AGE","A","2020",60.1014819858857,
"BRA","LFPR","15MORE","PC_AGE","A","2021",61.6164319413434,
"BGR","LFPR","15MORE","PC_AGE","A","2000",49.2120215297217,
"BGR","LFPR","15MORE","PC_AGE","A","2001",50.589506967484,
"BGR","LFPR","15MORE","PC_AGE","A","2002",49.9903545110983,
"BGR","LFPR","15MORE","PC_AGE","A","2003",49.1782909327832,
"BGR","LFPR","15MORE","PC_AGE","A","2004",49.7410466095155,
"BGR","LFPR","15MORE","PC_AGE","A","2005",49.6888650940007,
"BGR","LFPR","15MORE","PC_AGE","A","2006",51.293235328404,
"BGR","LFPR","15MORE","PC_AGE","A","2007",52.5959720579999,
"BGR","LFPR","15MORE","PC_AGE","A","2008",53.8082710279118,
"BGR","LFPR","15MORE","PC_AGE","A","2009",53.0242982137294,
"BGR","LFPR","15MORE","PC_AGE","A","2010",53.3938699740792,
"BGR","LFPR","15MORE","PC_AGE","A","2011",52.5117238962839,
"BGR","LFPR","15MORE","PC_AGE","A","2012",53.0791196208528,
"BGR","LFPR","15MORE","PC_AGE","A","2013",53.9003557651545,
"BGR","LFPR","15MORE","PC_AGE","A","2014",54.1428435895206,
"BGR","LFPR","15MORE","PC_AGE","A","2015",54.0675217556965,
"BGR","LFPR","15MORE","PC_AGE","A","2016",53.3312833988164,
"BGR","LFPR","15MORE","PC_AGE","A","2017",55.3545239003246,
"BGR","LFPR","15MORE","PC_AGE","A","2018",55.322526499747,
"BGR","LFPR","15MORE","PC_AGE","A","2019",56.5820182532945,
"BGR","LFPR","15MORE","PC_AGE","A","2020",55.5465306795086,
"BGR","LFPR","15MORE","PC_AGE","A","2021",55.2574725550012,
"CHL","LFPR","15MORE","PC_AGE","A","2000",55.9639557182436,
"CHL","LFPR","15MORE","PC_AGE","A","2001",55.0313537095897,
"CHL","LFPR","15MORE","PC_AGE","A","2002",54.5266382888677,
"CHL","LFPR","15MORE","PC_AGE","A","2003",55.058087450148,
"CHL","LFPR","15MORE","PC_AGE","A","2004",55.4545746908838,
"CHL","LFPR","15MORE","PC_AGE","A","2005",55.7597380616499,
"CHL","LFPR","15MORE","PC_AGE","A","2006",56.8809465097549,
"CHL","LFPR","15MORE","PC_AGE","A","2007",57.2969734413404,
"CHL","LFPR","15MORE","PC_AGE","A","2008",58.5853378402711,
"CHL","LFPR","15MORE","PC_AGE","A","2009",58.4914550544332,
"CHL","LFPR","15MORE","PC_AGE","A","2010",58.468858049303,
"CHL","LFPR","15MORE","PC_AGE","A","2011",59.8043437684215,
"CHL","LFPR","15MORE","PC_AGE","A","2012",59.7439290040692,
"CHL","LFPR","15MORE","PC_AGE","A","2013",59.5558121414576,
"CHL","LFPR","15MORE","PC_AGE","A","2014",59.8030828374252,
"CHL","LFPR","15MORE","PC_AGE","A","2015",59.6711487161449,
"CHL","LFPR","15MORE","PC_AGE","A","2016",59.4721831607041,
"CHL","LFPR","15MORE","PC_AGE","A","2017",59.7134586798361,
"CHL","LFPR","15MORE","PC_AGE","A","2018",59.682121389074,
"CHL","LFPR","15MORE","PC_AGE","A","2019",59.3993569266895,
"CHL","LFPR","15MORE","PC_AGE","A","2020",56.0907316299557,
"CHL","LFPR","15MORE","PC_AGE","A","2021",57.2034047920147,
"CHN","LFPR","15MORE","PC_AGE","A","2000",76.8230932988038,
"CHN","LFPR","15MORE","PC_AGE","A","2010",70.9577554855016,
"COL","LFPR","15MORE","PC_AGE","A","2001",67.6350868674703,
"COL","LFPR","15MORE","PC_AGE","A","2002",67.5050361388348,
"COL","LFPR","15MORE","PC_AGE","A","2003",68.1971090401399,
"COL","LFPR","15MORE","PC_AGE","A","2004",66.6863595047839,
"COL","LFPR","15MORE","PC_AGE","A","2005",65.938209533222,
"COL","LFPR","15MORE","PC_AGE","A","2007",63.8869595644816,
"COL","LFPR","15MORE","PC_AGE","A","2008",64.1583219086751,
"COL","LFPR","15MORE","PC_AGE","A","2009",66.95396226984,
"COL","LFPR","15MORE","PC_AGE","A","2010",68.238952406351,
"COL","LFPR","15MORE","PC_AGE","A","2011",68.9239622855648,
"COL","LFPR","15MORE","PC_AGE","A","2012",69.7833649076565,
"COL","LFPR","15MORE","PC_AGE","A","2013",69.3886052615769,
"COL","LFPR","15MORE","PC_AGE","A","2014",69.410801226121,
"COL","LFPR","15MORE","PC_AGE","A","2015",69.7558268969334,
"COL","LFPR","15MORE","PC_AGE","A","2016",69.3915911772831,
"COL","LFPR","15MORE","PC_AGE","A","2017",69.1739134125962,
"COL","LFPR","15MORE","PC_AGE","A","2018",68.6799247124045,
"COL","LFPR","15MORE","PC_AGE","A","2019",67.9268286371122,
"COL","LFPR","15MORE","PC_AGE","A","2020",63.4147407239249,
"COL","LFPR","15MORE","PC_AGE","A","2021",64.790790845114,
"CRI","LFPR","15MORE","PC_AGE","A","2000",58.8706544556286,
"CRI","LFPR","15MORE","PC_AGE","A","2001",61.039493698074,
"CRI","LFPR","15MORE","PC_AGE","A","2002",60.6474058030575,
"CRI","LFPR","15MORE","PC_AGE","A","2003",61.0144373562175,
"CRI","LFPR","15MORE","PC_AGE","A","2004",59.8029391376898,
"CRI","LFPR","15MORE","PC_AGE","A","2005",62.0678958414288,
"CRI","LFPR","15MORE","PC_AGE","A","2006",61.7211522098824,
"CRI","LFPR","15MORE","PC_AGE","A","2007",62.5843111053961,
"CRI","LFPR","15MORE","PC_AGE","A","2008",62.13529525806,
"CRI","LFPR","15MORE","PC_AGE","A","2009",61.4961570182226,
"CRI","LFPR","15MORE","PC_AGE","A","2010",60.7099213314886,
"CRI","LFPR","15MORE","PC_AGE","A","2011",59.0018714180016,
"CRI","LFPR","15MORE","PC_AGE","A","2012",62.7897363996896,
"CRI","LFPR","15MORE","PC_AGE","A","2013",62.2829319427555,
"CRI","LFPR","15MORE","PC_AGE","A","2014",62.5290286935249,
"CRI","LFPR","15MORE","PC_AGE","A","2015",61.2441755394199,
"CRI","LFPR","15MORE","PC_AGE","A","2016",58.3886916661605,
"CRI","LFPR","15MORE","PC_AGE","A","2017",58.8090076239495,
"CRI","LFPR","15MORE","PC_AGE","A","2018",60.6631138795791,
"CRI","LFPR","15MORE","PC_AGE","A","2019",62.5045453709619,
"CRI","LFPR","15MORE","PC_AGE","A","2020",60.2243759292538,
"CRI","LFPR","15MORE","PC_AGE","A","2021",60.2826712515013,
"HRV","LFPR","15MORE","PC_AGE","A","2002",51.1044120829447,
"HRV","LFPR","15MORE","PC_AGE","A","2003",50.2800114109864,
"HRV","LFPR","15MORE","PC_AGE","A","2004",50.5751012198714,
"HRV","LFPR","15MORE","PC_AGE","A","2005",49.6237615283288,
"HRV","LFPR","15MORE","PC_AGE","A","2006",49.1900155451922,
"HRV","LFPR","15MORE","PC_AGE","A","2007",52.9286645650989,
"HRV","LFPR","15MORE","PC_AGE","A","2008",53.1179453904092,
"HRV","LFPR","15MORE","PC_AGE","A","2009",53.1155699859144,
"HRV","LFPR","15MORE","PC_AGE","A","2010",52.5838735345369,
"HRV","LFPR","15MORE","PC_AGE","A","2011",51.8376573840055,
"HRV","LFPR","15MORE","PC_AGE","A","2012",51.3687640313681,
"HRV","LFPR","15MORE","PC_AGE","A","2013",50.8414029458212,
"HRV","LFPR","15MORE","PC_AGE","A","2014",52.3615481639861,
"HRV","LFPR","15MORE","PC_AGE","A","2015",52.7300498455397,
"HRV","LFPR","15MORE","PC_AGE","A","2016",51.3162630046833,
"HRV","LFPR","15MORE","PC_AGE","A","2017",51.6068965315132,
"HRV","LFPR","15MORE","PC_AGE","A","2018",51.1873247214854,
"HRV","LFPR","15MORE","PC_AGE","A","2019",51.1021142150737,
"HRV","LFPR","15MORE","PC_AGE","A","2020",51.026679726905,
"HRV","LFPR","15MORE","PC_AGE","A","2021",51.7791147741406,
"CYP","LFPR","15MORE","PC_AGE","A","2000",60.2797475319208,
"CYP","LFPR","15MORE","PC_AGE","A","2001",61.6913495101895,
"CYP","LFPR","15MORE","PC_AGE","A","2002",61.8637022760061,
"CYP","LFPR","15MORE","PC_AGE","A","2003",63.1696729040427,
"CYP","LFPR","15MORE","PC_AGE","A","2004",62.9532374373481,
"CYP","LFPR","15MORE","PC_AGE","A","2005",63.1975795392176,
"CYP","LFPR","15MORE","PC_AGE","A","2006",63.538392905899,
"CYP","LFPR","15MORE","PC_AGE","A","2007",64.3880665981862,
"CYP","LFPR","15MORE","PC_AGE","A","2008",64.206486641066,
"CYP","LFPR","15MORE","PC_AGE","A","2009",63.7257399672142,
"CYP","LFPR","15MORE","PC_AGE","A","2010",64.2714585871094,
"CYP","LFPR","15MORE","PC_AGE","A","2011",63.736611349902,
"CYP","LFPR","15MORE","PC_AGE","A","2012",63.4272977940046,
"CYP","LFPR","15MORE","PC_AGE","A","2013",63.2974345389915,
"CYP","LFPR","15MORE","PC_AGE","A","2014",63.7490616245203,
"CYP","LFPR","15MORE","PC_AGE","A","2015",62.2910952142585,
"CYP","LFPR","15MORE","PC_AGE","A","2016",61.2594941937383,
"CYP","LFPR","15MORE","PC_AGE","A","2017",61.6333177756886,
"CYP","LFPR","15MORE","PC_AGE","A","2018",62.3959840021666,
"CYP","LFPR","15MORE","PC_AGE","A","2019",62.9599951511549,
"CYP","LFPR","15MORE","PC_AGE","A","2020",62.6955396385225,
"CYP","LFPR","15MORE","PC_AGE","A","2021",63.7919423159016,
"EST","LFPR","15MORE","PC_AGE","A","2000",64.0147330118914,
"EST","LFPR","15MORE","PC_AGE","A","2001",63.430194320977,
"EST","LFPR","15MORE","PC_AGE","A","2002",62.3623438307876,
"EST","LFPR","15MORE","PC_AGE","A","2003",63.3059984469885,
"EST","LFPR","15MORE","PC_AGE","A","2004",63.2696778603499,
"EST","LFPR","15MORE","PC_AGE","A","2005",63.3648597078325,
"EST","LFPR","15MORE","PC_AGE","A","2006",65.8585420603284,
"EST","LFPR","15MORE","PC_AGE","A","2007",66.0155212134257,
"EST","LFPR","15MORE","PC_AGE","A","2008",66.9141208425614,
"EST","LFPR","15MORE","PC_AGE","A","2009",66.6294452086374,
"EST","LFPR","15MORE","PC_AGE","A","2010",66.5166024828472,
"EST","LFPR","15MORE","PC_AGE","A","2011",61.3302058232347,
"EST","LFPR","15MORE","PC_AGE","A","2012",61.3792347567428,
"EST","LFPR","15MORE","PC_AGE","A","2013",61.3290837385556,
"EST","LFPR","15MORE","PC_AGE","A","2014",61.1368637083514,
"EST","LFPR","15MORE","PC_AGE","A","2015",62.1263001337922,
"EST","LFPR","15MORE","PC_AGE","A","2016",62.8404275903166,
"EST","LFPR","15MORE","PC_AGE","A","2017",63.6376007762359,
"EST","LFPR","15MORE","PC_AGE","A","2018",63.7852109825264,
"EST","LFPR","15MORE","PC_AGE","A","2019",63.6271693127839,
"EST","LFPR","15MORE","PC_AGE","A","2020",63.7260195024392,
"EST","LFPR","15MORE","PC_AGE","A","2021",63.687989887813,
"IND","LFPR","15MORE","PC_AGE","A","2000",58.7300240322602,
"IND","LFPR","15MORE","PC_AGE","A","2005",60.4105467124589,
"IND","LFPR","15MORE","PC_AGE","A","2006",58.4827837415097,
"IND","LFPR","15MORE","PC_AGE","A","2008",56.8134211690244,
"IND","LFPR","15MORE","PC_AGE","A","2010",54.825851666596,
"IND","LFPR","15MORE","PC_AGE","A","2012",53.4001016990024,
"IND","LFPR","15MORE","PC_AGE","A","2018",48.3691635215652,
"IND","LFPR","15MORE","PC_AGE","A","2019",48.4759908219763,
"IND","LFPR","15MORE","PC_AGE","A","2020",51.1596192486177,
"IDN","LFPR","15MORE","PC_AGE","A","2000",67.7554835361789,
"IDN","LFPR","15MORE","PC_AGE","A","2001",68.6036180709828,
"IDN","LFPR","15MORE","PC_AGE","A","2002",67.7599104898783,
"IDN","LFPR","15MORE","PC_AGE","A","2003",67.8638166795909,
"IDN","LFPR","15MORE","PC_AGE","A","2005",67.3988285579553,
"IDN","LFPR","15MORE","PC_AGE","A","2006",66.4452457772387,
"IDN","LFPR","15MORE","PC_AGE","A","2007",66.7970089890222,
"IDN","LFPR","15MORE","PC_AGE","A","2008",67.2546650848431,
"IDN","LFPR","15MORE","PC_AGE","A","2009",67.4119234588041,
"IDN","LFPR","15MORE","PC_AGE","A","2010",67.7743886721505,
"IDN","LFPR","15MORE","PC_AGE","A","2011",68.3872334732559,
"IDN","LFPR","15MORE","PC_AGE","A","2012",68.6680122839942,
"IDN","LFPR","15MORE","PC_AGE","A","2013",67.9542025575748,
"IDN","LFPR","15MORE","PC_AGE","A","2014",67.8790817514816,
"IDN","LFPR","15MORE","PC_AGE","A","2015",67.6237585961274,
"IDN","LFPR","15MORE","PC_AGE","A","2016",67.193364777132,
"IDN","LFPR","15MORE","PC_AGE","A","2017",67.8413990649139,
"IDN","LFPR","15MORE","PC_AGE","A","2018",67.258454249277,
"IDN","LFPR","15MORE","PC_AGE","A","2019",67.4850594422999,
"ISR","LFPR","15MORE","PC_AGE","A","2000",61.6889062094458,
"ISR","LFPR","15MORE","PC_AGE","A","2001",61.7654323508271,
"ISR","LFPR","15MORE","PC_AGE","A","2002",61.0484097169758,
"ISR","LFPR","15MORE","PC_AGE","A","2003",61.4217922737464,
"ISR","LFPR","15MORE","PC_AGE","A","2004",61.9185582318746,
"ISR","LFPR","15MORE","PC_AGE","A","2005",62.2378973270558,
"ISR","LFPR","15MORE","PC_AGE","A","2006",62.5594596227939,
"ISR","LFPR","15MORE","PC_AGE","A","2007",63.014546132186,
"ISR","LFPR","15MORE","PC_AGE","A","2008",62.949013691997,
"ISR","LFPR","15MORE","PC_AGE","A","2009",63.1951012198496,
"ISR","LFPR","15MORE","PC_AGE","A","2010",63.4182855066195,
"ISR","LFPR","15MORE","PC_AGE","A","2011",63.0886415482757,
"ISR","LFPR","15MORE","PC_AGE","A","2012",63.5818673461668,
"ISR","LFPR","15MORE","PC_AGE","A","2013",63.6787060372242,
"ISR","LFPR","15MORE","PC_AGE","A","2014",64.2054771594833,
"ISR","LFPR","15MORE","PC_AGE","A","2015",64.0941182788341,
"ISR","LFPR","15MORE","PC_AGE","A","2016",64.1378006595385,
"ISR","LFPR","15MORE","PC_AGE","A","2017",64.0043595539276,
"ISR","LFPR","15MORE","PC_AGE","A","2018",63.9269027663202,
"ISR","LFPR","15MORE","PC_AGE","A","2019",63.5029623843753,
"ISR","LFPR","15MORE","PC_AGE","A","2020",61.7918799209625,
"ISR","LFPR","15MORE","PC_AGE","A","2021",61.786748960625,
"LVA","LFPR","15MORE","PC_AGE","A","2000",56.1563904824971,
"LVA","LFPR","15MORE","PC_AGE","A","2001",56.5873599026335,
"LVA","LFPR","15MORE","PC_AGE","A","2002",57.3666086015545,
"LVA","LFPR","15MORE","PC_AGE","A","2003",57.2940690298198,
"LVA","LFPR","15MORE","PC_AGE","A","2004",57.612914963247,
"LVA","LFPR","15MORE","PC_AGE","A","2005",57.3603246424339,
"LVA","LFPR","15MORE","PC_AGE","A","2006",59.096499840877,
"LVA","LFPR","15MORE","PC_AGE","A","2007",60.2550314512079,
"LVA","LFPR","15MORE","PC_AGE","A","2008",61.5450821574654,
"LVA","LFPR","15MORE","PC_AGE","A","2009",60.129944227197,
"LVA","LFPR","15MORE","PC_AGE","A","2010",58.8842529884072,
"LVA","LFPR","15MORE","PC_AGE","A","2011",58.5234908507933,
"LVA","LFPR","15MORE","PC_AGE","A","2012",59.7272994981508,
"LVA","LFPR","15MORE","PC_AGE","A","2013",59.4345057457494,
"LVA","LFPR","15MORE","PC_AGE","A","2014",59.2724767974317,
"LVA","LFPR","15MORE","PC_AGE","A","2015",60.0655538919682,
"LVA","LFPR","15MORE","PC_AGE","A","2016",60.4185090310066,
"LVA","LFPR","15MORE","PC_AGE","A","2017",60.831187522086,
"LVA","LFPR","15MORE","PC_AGE","A","2018",61.4406550738259,
"LVA","LFPR","15MORE","PC_AGE","A","2019",61.2279907124226,
"LVA","LFPR","15MORE","PC_AGE","A","2020",61.6742172317536,
"LVA","LFPR","15MORE","PC_AGE","A","2021",60.1816627253764,
"LTU","LFPR","15MORE","PC_AGE","A","2000",59.6768586901163,
"LTU","LFPR","15MORE","PC_AGE","A","2001",58.5066199784771,
"LTU","LFPR","15MORE","PC_AGE","A","2002",58.0806966621171,
"LTU","LFPR","15MORE","PC_AGE","A","2003",58.1540073856216,
"LTU","LFPR","15MORE","PC_AGE","A","2004",56.9555803303757,
"LTU","LFPR","15MORE","PC_AGE","A","2005",56.2836506964394,
"LTU","LFPR","15MORE","PC_AGE","A","2006",55.2523585742773,
"LTU","LFPR","15MORE","PC_AGE","A","2007",55.545059144277,
"LTU","LFPR","15MORE","PC_AGE","A","2008",55.8153186757767,
"LTU","LFPR","15MORE","PC_AGE","A","2009",56.549405389856,
"LTU","LFPR","15MORE","PC_AGE","A","2010",56.8161484016164,
"LTU","LFPR","15MORE","PC_AGE","A","2011",57.3904167830856,
"LTU","LFPR","15MORE","PC_AGE","A","2012",57.729588004475,
"LTU","LFPR","15MORE","PC_AGE","A","2013",57.9988897813556,
"LTU","LFPR","15MORE","PC_AGE","A","2014",58.9278485746353,
"LTU","LFPR","15MORE","PC_AGE","A","2015",59.1570484175004,
"LTU","LFPR","15MORE","PC_AGE","A","2016",60.3302008499909,
"LTU","LFPR","15MORE","PC_AGE","A","2017",60.601607795839,
"LTU","LFPR","15MORE","PC_AGE","A","2018",61.5480928539275,
"LTU","LFPR","15MORE","PC_AGE","A","2019",62.087137045403,
"LTU","LFPR","15MORE","PC_AGE","A","2020",62.6143779914117,
"LTU","LFPR","15MORE","PC_AGE","A","2021",62.2894679171038,
"MKD","LFPR","15MORE","PC_AGE","A","2006",54.0167274324959,
"MKD","LFPR","15MORE","PC_AGE","A","2007",54.5190018242084,
"MKD","LFPR","15MORE","PC_AGE","A","2008",55.1174608121493,
"MKD","LFPR","15MORE","PC_AGE","A","2009",55.478433760444,
"MKD","LFPR","15MORE","PC_AGE","A","2010",55.6922518182504,
"MKD","LFPR","15MORE","PC_AGE","A","2011",55.4811995463634,
"MKD","LFPR","15MORE","PC_AGE","A","2012",55.1656713121111,
"MKD","LFPR","15MORE","PC_AGE","A","2013",55.8452717859537,
"MKD","LFPR","15MORE","PC_AGE","A","2014",55.923893240863,
"MKD","LFPR","15MORE","PC_AGE","A","2015",55.3810062238737,
"MKD","LFPR","15MORE","PC_AGE","A","2016",54.8862899239457,
"MKD","LFPR","15MORE","PC_AGE","A","2017",55.1337935673781,
"MKD","LFPR","15MORE","PC_AGE","A","2018",55.1942679390282,
"MKD","LFPR","15MORE","PC_AGE","A","2019",55.4671001477137,
"MKD","LFPR","15MORE","PC_AGE","A","2020",54.644224865356,
"MLT","LFPR","15MORE","PC_AGE","A","2000",49.6827154456316,
"MLT","LFPR","15MORE","PC_AGE","A","2001",50.327611622037,
"MLT","LFPR","15MORE","PC_AGE","A","2002",49.8423046390468,
"MLT","LFPR","15MORE","PC_AGE","A","2003",49.9596597381861,
"MLT","LFPR","15MORE","PC_AGE","A","2004",49.5827500498053,
"MLT","LFPR","15MORE","PC_AGE","A","2005",49.0727661097407,
"MLT","LFPR","15MORE","PC_AGE","A","2006",49.1093912779318,
"MLT","LFPR","15MORE","PC_AGE","A","2007",49.8528261971145,
"MLT","LFPR","15MORE","PC_AGE","A","2008",50.0455470963048,
"MLT","LFPR","15MORE","PC_AGE","A","2009",50.2271181511035,
"MLT","LFPR","15MORE","PC_AGE","A","2010",50.7711561741082,
"MLT","LFPR","15MORE","PC_AGE","A","2011",51.4351663539355,
"MLT","LFPR","15MORE","PC_AGE","A","2012",52.5737636571734,
"MLT","LFPR","15MORE","PC_AGE","A","2013",54.1198813381168,
"MLT","LFPR","15MORE","PC_AGE","A","2014",55.268134922679,
"MLT","LFPR","15MORE","PC_AGE","A","2015",55.7412986771957,
"MLT","LFPR","15MORE","PC_AGE","A","2016",56.7301935433979,
"MLT","LFPR","15MORE","PC_AGE","A","2017",57.9016110165368,
"MLT","LFPR","15MORE","PC_AGE","A","2018",60.0753266758738,
"MLT","LFPR","15MORE","PC_AGE","A","2019",61.49691921833,
"MLT","LFPR","15MORE","PC_AGE","A","2020",62.2707433831911,
"MLT","LFPR","15MORE","PC_AGE","A","2021",62.8394904891623,
"ROU","LFPR","15MORE","PC_AGE","A","2000",63.0244943222292,
"ROU","LFPR","15MORE","PC_AGE","A","2001",62.0077375337828,
"ROU","LFPR","15MORE","PC_AGE","A","2002",56.910574735744,
"ROU","LFPR","15MORE","PC_AGE","A","2003",54.6522656616565,
"ROU","LFPR","15MORE","PC_AGE","A","2004",54.6971102035146,
"ROU","LFPR","15MORE","PC_AGE","A","2005",53.9376236996076,
"ROU","LFPR","15MORE","PC_AGE","A","2006",54.9671636505483,
"ROU","LFPR","15MORE","PC_AGE","A","2007",54.7693346811216,
"ROU","LFPR","15MORE","PC_AGE","A","2008",54.5087302522684,
"ROU","LFPR","15MORE","PC_AGE","A","2009",54.4401170317133,
"ROU","LFPR","15MORE","PC_AGE","A","2010",54.8697791945176,
"ROU","LFPR","15MORE","PC_AGE","A","2011",54.1109036805074,
"ROU","LFPR","15MORE","PC_AGE","A","2012",54.613116918387,
"ROU","LFPR","15MORE","PC_AGE","A","2013",54.5329684171268,
"ROU","LFPR","15MORE","PC_AGE","A","2014",54.8701217430018,
"ROU","LFPR","15MORE","PC_AGE","A","2015",54.5437578942519,
"ROU","LFPR","15MORE","PC_AGE","A","2016",53.722523652299,
"ROU","LFPR","15MORE","PC_AGE","A","2017",54.9389970418489,
"ROU","LFPR","15MORE","PC_AGE","A","2018",54.976928583535,
"ROU","LFPR","15MORE","PC_AGE","A","2019",55.1394696847676,
"ROU","LFPR","15MORE","PC_AGE","A","2020",55.062239385312,
"ROU","LFPR","15MORE","PC_AGE","A","2021",51.0690157808385,
"RUS","LFPR","15MORE","PC_AGE","A","2000",65.4607705203689,
"RUS","LFPR","15MORE","PC_AGE","A","2001",64.204748673296,
"RUS","LFPR","15MORE","PC_AGE","A","2002",64.8687720582337,
"RUS","LFPR","15MORE","PC_AGE","A","2003",64.6928239880336,
"RUS","LFPR","15MORE","PC_AGE","A","2004",65.4115553874609,
"RUS","LFPR","15MORE","PC_AGE","A","2005",65.980491843935,
"RUS","LFPR","15MORE","PC_AGE","A","2006",66.340669580569,
"RUS","LFPR","15MORE","PC_AGE","A","2007",67.0848762086738,
"RUS","LFPR","15MORE","PC_AGE","A","2008",67.4338286180668,
"RUS","LFPR","15MORE","PC_AGE","A","2009",67.633996784422,
"RUS","LFPR","15MORE","PC_AGE","A","2010",67.6729253724895,
"RUS","LFPR","15MORE","PC_AGE","A","2011",68.3210873106328,
"RUS","LFPR","15MORE","PC_AGE","A","2012",68.6580595983765,
"RUS","LFPR","15MORE","PC_AGE","A","2013",68.5245334675952,
"RUS","LFPR","15MORE","PC_AGE","A","2014",68.881362678917,
"RUS","LFPR","15MORE","PC_AGE","A","2015",69.1382438607615,
"RUS","LFPR","15MORE","PC_AGE","A","2016",69.5261390058268,
"RUS","LFPR","15MORE","PC_AGE","A","2017",62.7541954590326,
"RUS","LFPR","15MORE","PC_AGE","A","2018",62.8350404935095,
"RUS","LFPR","15MORE","PC_AGE","A","2019",62.2829624489931,
"RUS","LFPR","15MORE","PC_AGE","A","2020",62.0066701424233,
"RUS","LFPR","15MORE","PC_AGE","A","2021",62.3693206744419,
"SVN","LFPR","15MORE","PC_AGE","A","2000",57.6546530248744,
"SVN","LFPR","15MORE","PC_AGE","A","2001",58.0144316702184,
"SVN","LFPR","15MORE","PC_AGE","A","2002",57.4398963989519,
"SVN","LFPR","15MORE","PC_AGE","A","2003",56.5413243937026,
"SVN","LFPR","15MORE","PC_AGE","A","2004",58.9576042508395,
"SVN","LFPR","15MORE","PC_AGE","A","2005",59.2482803762237,
"SVN","LFPR","15MORE","PC_AGE","A","2006",59.2954320497537,
"SVN","LFPR","15MORE","PC_AGE","A","2007",59.6964466708183,
"SVN","LFPR","15MORE","PC_AGE","A","2008",59.4885258914648,
"SVN","LFPR","15MORE","PC_AGE","A","2009",59.4372591550869,
"SVN","LFPR","15MORE","PC_AGE","A","2010",59.1717513533814,
"SVN","LFPR","15MORE","PC_AGE","A","2011",57.9241099441524,
"SVN","LFPR","15MORE","PC_AGE","A","2012",57.54298104415,
"SVN","LFPR","15MORE","PC_AGE","A","2013",57.2464720909176,
"SVN","LFPR","15MORE","PC_AGE","A","2014",57.6737783905816,
"SVN","LFPR","15MORE","PC_AGE","A","2015",57.3175653746795,
"SVN","LFPR","15MORE","PC_AGE","A","2016",56.5958014204005,
"SVN","LFPR","15MORE","PC_AGE","A","2017",58.4261030764297,
"SVN","LFPR","15MORE","PC_AGE","A","2018",58.8107910849209,
"SVN","LFPR","15MORE","PC_AGE","A","2019",58.0665758207083,
"SVN","LFPR","15MORE","PC_AGE","A","2020",57.7621366004785,
"SVN","LFPR","15MORE","PC_AGE","A","2021",58.4781993799528,
"ZAF","LFPR","15MORE","PC_AGE","A","2001",59.06554593286,
"ZAF","LFPR","15MORE","PC_AGE","A","2002",58.8223554016069,
"ZAF","LFPR","15MORE","PC_AGE","A","2003",56.954734364273,
"ZAF","LFPR","15MORE","PC_AGE","A","2004",55.2161097753947,
"ZAF","LFPR","15MORE","PC_AGE","A","2005",56.9536820008962,
"ZAF","LFPR","15MORE","PC_AGE","A","2006",58.0164428770117,
"ZAF","LFPR","15MORE","PC_AGE","A","2007",57.2015022180791,
"ZAF","LFPR","15MORE","PC_AGE","A","2008",55.7807780771392,
"ZAF","LFPR","15MORE","PC_AGE","A","2009",53.9610188974107,
"ZAF","LFPR","15MORE","PC_AGE","A","2010",52.262627886886,
"ZAF","LFPR","15MORE","PC_AGE","A","2011",52.1748003996544,
"ZAF","LFPR","15MORE","PC_AGE","A","2012",52.5126171939714,
"ZAF","LFPR","15MORE","PC_AGE","A","2013",53.0842532512295,
"ZAF","LFPR","15MORE","PC_AGE","A","2014",53.3229499073561,
"ZAF","LFPR","15MORE","PC_AGE","A","2015",54.596510163519,
"ZAF","LFPR","15MORE","PC_AGE","A","2016",54.6999711575082,
"ZAF","LFPR","15MORE","PC_AGE","A","2017",55.5929019821067,
"ZAF","LFPR","15MORE","PC_AGE","A","2018",55.1455415017844,
"ZAF","LFPR","15MORE","PC_AGE","A","2019",55.259794751411,
"ZAF","LFPR","15MORE","PC_AGE","A","2020",50.5407370915148,
"ZAF","LFPR","15MORE","PC_AGE","A","2021",52.0315636464318,
"OECD","LFPR","15MORE","PC_AGE","A","2000",61.7585296221765,
"OECD","LFPR","15MORE","PC_AGE","A","2001",61.7720579756562,
"OECD","LFPR","15MORE","PC_AGE","A","2002",60.3744329127181,
"OECD","LFPR","15MORE","PC_AGE","A","2003",60.2167786625348,
"OECD","LFPR","15MORE","PC_AGE","A","2004",60.18520021754,
"OECD","LFPR","15MORE","PC_AGE","A","2005",60.3558633079643,
"OECD","LFPR","15MORE","PC_AGE","A","2006",60.37274110363,
"OECD","LFPR","15MORE","PC_AGE","A","2007",60.5193426934116,
"OECD","LFPR","15MORE","PC_AGE","A","2008",60.6145519338361,
"OECD","LFPR","15MORE","PC_AGE","A","2009",60.5145242613056,
"OECD","LFPR","15MORE","PC_AGE","A","2010",60.3729606871631,
"OECD","LFPR","15MORE","PC_AGE","A","2011",60.2146557371688,
"OECD","LFPR","15MORE","PC_AGE","A","2012",60.2820145531809,
"OECD","LFPR","15MORE","PC_AGE","A","2013",60.2379563421052,
"OECD","LFPR","15MORE","PC_AGE","A","2014",60.1233344376391,
"OECD","LFPR","15MORE","PC_AGE","A","2015",60.1500239100696,
"OECD","LFPR","15MORE","PC_AGE","A","2016",60.3257100535888,
"OECD","LFPR","15MORE","PC_AGE","A","2017",60.4741263669082,
"OECD","LFPR","15MORE","PC_AGE","A","2018",60.6491074182498,
"OECD","LFPR","15MORE","PC_AGE","A","2019",60.9976139656038,
"OECD","LFPR","15MORE","PC_AGE","A","2020",59.6589015877263,
"OECD","LFPR","15MORE","PC_AGE","A","2021",60.2636332932856,
"EU27","LFPR","15MORE","PC_AGE","A","2000",57.1542663917864,
"EU27","LFPR","15MORE","PC_AGE","A","2001",57.0360579343082,
"EU27","LFPR","15MORE","PC_AGE","A","2002",55.8599774114115,
"EU27","LFPR","15MORE","PC_AGE","A","2003",55.7936764668756,
"EU27","LFPR","15MORE","PC_AGE","A","2004",55.9724061509566,
"EU27","LFPR","15MORE","PC_AGE","A","2005",56.3160196801053,
"EU27","LFPR","15MORE","PC_AGE","A","2006",56.5544622102012,
"EU27","LFPR","15MORE","PC_AGE","A","2007",56.8038151068082,
"EU27","LFPR","15MORE","PC_AGE","A","2008",57.0503180155952,
"EU27","LFPR","15MORE","PC_AGE","A","2009",57.026626709796,
"EU27","LFPR","15MORE","PC_AGE","A","2010",57.0472571962659,
"EU27","LFPR","15MORE","PC_AGE","A","2011",56.7304178851754,
"EU27","LFPR","15MORE","PC_AGE","A","2012",56.9798539192104,
"EU27","LFPR","15MORE","PC_AGE","A","2013",56.973720498334,
"EU27","LFPR","15MORE","PC_AGE","A","2014",57.0222042272384,
"EU27","LFPR","15MORE","PC_AGE","A","2015",56.9834792957047,
"EU27","LFPR","15MORE","PC_AGE","A","2016",57.1707452047433,
"EU27","LFPR","15MORE","PC_AGE","A","2017",57.3841513712843,
"EU27","LFPR","15MORE","PC_AGE","A","2018",57.4717353127171,
"EU27","LFPR","15MORE","PC_AGE","A","2019",57.592398031203,
"EU27","LFPR","15MORE","PC_AGE","A","2020",56.771984618614,
"EU27","LFPR","15MORE","PC_AGE","A","2021",57.4812939197324,
"ARG","LFPR","15MORE","PC_AGE","A","2017",58.8211727167834,
"ARG","LFPR","15MORE","PC_AGE","A","2018",59.7232256070367,
"ARG","LFPR","15MORE","PC_AGE","A","2019",60.3762371331898,
"ARG","LFPR","15MORE","PC_AGE","A","2020",56.9331272371325,
"ARG","LFPR","15MORE","PC_AGE","A","2021",60.6130941808999,
